escala,consulta,estrategia,primera_s,mediana_s,min_s,max_s,repeticiones,resultado_igual
1 mes (2026-01),b1_volumen_mensual,parquet,0.8416,0.5338,0.427,3.1939,5,True
1 mes (2026-01),b1_volumen_mensual,tabla,0.3053,0.1571,0.1496,0.2578,5,True
1 mes (2026-01),b2_hora_dia_semana,parquet,0.2563,0.2948,0.2659,0.3821,5,True
1 mes (2026-01),b2_hora_dia_semana,tabla,0.1095,0.0672,0.0631,0.0758,5,True
1 mes (2026-01),b3_percentiles,parquet,1.041,0.6783,0.5955,1.3029,5,True
1 mes (2026-01),b3_percentiles,tabla,0.8053,0.6468,0.4981,0.8915,5,True
1 mes (2026-01),b4_top_zonas,parquet,0.3157,0.2027,0.1878,0.2117,5,True
1 mes (2026-01),b4_top_zonas,tabla,0.1128,0.086,0.0661,0.104,5,True
1 mes (2026-01),b5_filtro_selectivo,parquet,0.157,0.1606,0.1448,0.1633,5,True
1 mes (2026-01),b5_filtro_selectivo,tabla,0.0328,0.0072,0.0067,0.0074,5,True
1 mes (2026-01),b6_consistencia_montos,parquet,0.4242,0.3615,0.3453,0.6153,5,True
1 mes (2026-01),b6_consistencia_montos,tabla,0.3997,0.1897,0.1359,0.2078,5,True
2026 (8 meses),b1_volumen_mensual,parquet,3.1175,2.2043,1.8659,2.6186,5,True
2026 (8 meses),b1_volumen_mensual,tabla,2.3481,1.4869,1.2758,1.7167,5,True
2026 (8 meses),b2_hora_dia_semana,parquet,1.0636,1.0473,0.9019,1.4005,5,True
2026 (8 meses),b2_hora_dia_semana,tabla,0.9344,0.4541,0.4277,0.5124,5,True
2026 (8 meses),b3_percentiles,parquet,6.7712,5.9248,5.2874,6.3461,5,True
2026 (8 meses),b3_percentiles,tabla,5.8214,5.9489,5.7361,6.5374,5,True
2026 (8 meses),b4_top_zonas,parquet,0.9933,0.976,0.8143,0.9998,5,True
2026 (8 meses),b4_top_zonas,tabla,1.003,0.4144,0.3961,0.5502,5,True
2026 (8 meses),b5_filtro_selectivo,parquet,0.5999,0.4144,0.3917,0.4699,5,True
2026 (8 meses),b5_filtro_selectivo,tabla,0.0576,0.0078,0.0071,0.0158,5,True
2026 (8 meses),b6_consistencia_montos,parquet,2.5892,2.3319,2.2581,2.4166,5,True
2026 (8 meses),b6_consistencia_montos,tabla,2.9623,1.0127,0.8957,1.054,5,True
todos los anios,b1_volumen_mensual,parquet,4.6723,4.9277,4.3802,5.1224,5,True
todos los anios,b1_volumen_mensual,tabla,4.402,3.0258,2.7019,3.3583,5,True
todos los anios,b2_hora_dia_semana,parquet,2.4378,2.6479,2.4216,2.7223,5,True
todos los anios,b2_hora_dia_semana,tabla,1.6506,0.8898,0.8542,0.9721,5,True
todos los anios,b3_percentiles,parquet,16.7494,15.6432,13.832,16.2385,5,True
todos los anios,b3_percentiles,tabla,16.6962,16.2026,14.869,17.5213,5,True
todos los anios,b4_top_zonas,parquet,2.6636,2.5291,2.2361,2.9954,5,True
todos los anios,b4_top_zonas,tabla,1.736,1.1019,0.9718,1.3303,5,True
todos los anios,b5_filtro_selectivo,parquet,1.0029,1.0057,0.9742,1.2984,5,True
todos los anios,b5_filtro_selectivo,tabla,0.0753,0.0084,0.0073,0.0097,5,True
todos los anios,b6_consistencia_montos,parquet,5.5343,4.9119,4.6873,5.3353,5,True
todos los anios,b6_consistencia_montos,tabla,5.9532,2.3822,2.13,3.0314,5,True
